Method,Mean_ms,StdDev_ms,Fallback_pct,Accuracy_pct,Samples,CI95_ms
DFA Only,0.014,0.009,0.0,100.0,2000,0.0003944423912309629
Hybrid (Regex→NFA),7.952,5.817,98.0,100.0,2000,0.254941265532279
Regex Cached,20.249,20.25,0.0,50.0,2000,0.8874953802696665
Regex Uncached,31.273,31.299,0.0,50.0,2000,1.3717391559042118
